Workbook

Sheet Votantes
A1: NUIP | B1: Departamento | C1: Municipio | D1: Puesto | E1: Dirección | F1: Mesa | G1: Latitud | H1: Longitud | I1: Precisión ubicación | J1: Google Maps | K1: Estado | L1: ID puesto
A2: 2986631 | B2: =INDEX(Puestos!E:E,MATCH($L2,Puestos!$A:$A,0)) -> CUNDINAMARCA | C2: =INDEX(Puestos!D:D,MATCH($L2,Puestos!$A:$A,0)) -> SOACHA | D2: =INDEX(Puestos!B:B,MATCH($L2,Puestos!$A:$A,0)) -> I.E. SOACHA AVANZA LA UNIDAD | E2: =INDEX(Puestos!C:C,MATCH($L2,Puestos!$A:$A,0)) -> CRA 38 No 14 - 72 | F2: 1 | G2: =INDEX(Puestos!F:F,MATCH($L2,Puestos!$A:$A,0)) -> 4.6099953 | H2: =INDEX(Puestos!G:G,MATCH($L2,Puestos!$A:$A,0)) -> -74.223867 | I2: =INDEX(Puestos!H:H,MATCH($L2,Puestos!$A:$A,0)) -> Exacta | J2: Ver en mapa | K2: Confirmado | L2: P04
A3: 1073693454 | B3: =INDEX(Puestos!E:E,MATCH($L3,Puestos!$A:$A,0)) -> CUNDINAMARCA | C3: =INDEX(Puestos!D:D,MATCH($L3,Puestos!$A:$A,0)) -> SOACHA | D3: =INDEX(Puestos!B:B,MATCH($L3,Puestos!$A:$A,0)) -> COLEGIO MINUTO DE DIOS CIUDAD VERDE | E3: =INDEX(Puestos!C:C,MATCH($L3,Puestos!$A:$A,0)) -> CALLE 38 No 31 141 CIUDAD VERDE | F3: 37 | G3: =INDEX(Puestos!F:F,MATCH($L3,Puestos!$A:$A,0)) -> 4.6061877 | H3: =INDEX(Puestos!G:G,MATCH($L3,Puestos!$A:$A,0)) -> -74.21306 | I3: =INDEX(Puestos!H:H,MATCH($L3,Puestos!$A:$A,0)) -> Exacta | J3: Ver en mapa | K3: Confirmado | L3: P01
A4: 1033723563 | B4: =INDEX(Puestos!E:E,MATCH($L4,Puestos!$A:$A,0)) -> CUNDINAMARCA | C4: =INDEX(Puestos!D:D,MATCH($L4,Puestos!$A:$A,0)) -> SOACHA | D4: =INDEX(Puestos!B:B,MATCH($L4,Puestos!$A:$A,0)) -> I.E. LICEO MAYOR DE SOACHA | E4: =INDEX(Puestos!C:C,MATCH($L4,Puestos!$A:$A,0)) -> CLL. 38 No. 6 A - 55 ESTE | F4: 23 | G4: =INDEX(Puestos!F:F,MATCH($L4,Puestos!$A:$A,0)) -> 4.58256 | H4: =INDEX(Puestos!G:G,MATCH($L4,Puestos!$A:$A,0)) -> -74.194387 | I4: =INDEX(Puestos!H:H,MATCH($L4,Puestos!$A:$A,0)) -> Exacta | J4: Ver en mapa | K4: Confirmado | L4: P02
A5: 11324571 | B5: =INDEX(Puestos!E:E,MATCH($L5,Puestos!$A:$A,0)) -> CUNDINAMARCA | C5: =INDEX(Puestos!D:D,MATCH($L5,Puestos!$A:$A,0)) -> GIRARDOT | D5: =INDEX(Puestos!B:B,MATCH($L5,Puestos!$A:$A,0)) -> COLEGIO AMERICANO | E5: =INDEX(Puestos!C:C,MATCH($L5,Puestos!$A:$A,0)) -> CALLE 21 No. 10-40 | F5: 8 | G5: =INDEX(Puestos!F:F,MATCH($L5,Puestos!$A:$A,0)) -> 4.2988522 | H5: =INDEX(Puestos!G:G,MATCH($L5,Puestos!$A:$A,0)) -> -74.804454 | I5: =INDEX(Puestos!H:H,MATCH($L5,Puestos!$A:$A,0)) -> Exacta | J5: Ver en mapa | K5: Confirmado | L5: P09
A6: 1109264322 | B6: =INDEX(Puestos!E:E,MATCH($L6,Puestos!$A:$A,0)) -> CUNDINAMARCA | C6: =INDEX(Puestos!D:D,MATCH($L6,Puestos!$A:$A,0)) -> SOACHA | D6: =INDEX(Puestos!B:B,MATCH($L6,Puestos!$A:$A,0)) -> CENTRO COMERCIAL MERCURIO | E6: =INDEX(Puestos!C:C,MATCH($L6,Puestos!$A:$A,0)) -> CRA 7 NRO 32 35 | F6: 31 | G6: =INDEX(Puestos!F:F,MATCH($L6,Puestos!$A:$A,0)) -> 4.5881616 | H6: =INDEX(Puestos!G:G,MATCH($L6,Puestos!$A:$A,0)) -> -74.203519 | I6: =INDEX(Puestos!H:H,MATCH($L6,Puestos!$A:$A,0)) -> Exacta | J6: Ver en mapa | K6: Confirmado | L6: P05
A7: 1005663908 | B7: =INDEX(Puestos!E:E,MATCH($L7,Puestos!$A:$A,0)) -> SUCRE | C7: =INDEX(Puestos!D:D,MATCH($L7,Puestos!$A:$A,0)) -> SINCELEJO | D7: =INDEX(Puestos!B:B,MATCH($L7,Puestos!$A:$A,0)) -> IE SAN JOSE | E7: =INDEX(Puestos!C:C,MATCH($L7,Puestos!$A:$A,0)) -> CLL 48 No 30-56 EL EDEN | F7: 16 | G7: =INDEX(Puestos!F:F,MATCH($L7,Puestos!$A:$A,0)) -> 9.2940665 | H7: =INDEX(Puestos!G:G,MATCH($L7,Puestos!$A:$A,0)) -> -75.376872 | I7: =INDEX(Puestos!H:H,MATCH($L7,Puestos!$A:$A,0)) -> Exacta | J7: Ver en mapa | K7: Confirmado | L7: P16
A8: 1073701267 | B8: =INDEX(Puestos!E:E,MATCH($L8,Puestos!$A:$A,0)) -> CUNDINAMARCA | C8: =INDEX(Puestos!D:D,MATCH($L8,Puestos!$A:$A,0)) -> SOACHA | D8: =INDEX(Puestos!B:B,MATCH($L8,Puestos!$A:$A,0)) -> COLEGIO MILITAR LICEO SOCIAL COMPARTIR | E8: =INDEX(Puestos!C:C,MATCH($L8,Puestos!$A:$A,0)) -> CLL 18 SUR NRO 9F 24 COMPARTIR | F8: 13 | G8: =INDEX(Puestos!F:F,MATCH($L8,Puestos!$A:$A,0)) -> 4.5663852 | H8: =INDEX(Puestos!G:G,MATCH($L8,Puestos!$A:$A,0)) -> -74.237103 | I8: =INDEX(Puestos!H:H,MATCH($L8,Puestos!$A:$A,0)) -> Revisar | J8: Ver en mapa | K8: Confirmado | L8: P07
A9: 1016048445 | B9: =INDEX(Puestos!E:E,MATCH($L9,Puestos!$A:$A,0)) -> CUNDINAMARCA | C9: =INDEX(Puestos!D:D,MATCH($L9,Puestos!$A:$A,0)) -> SOACHA | D9: =INDEX(Puestos!B:B,MATCH($L9,Puestos!$A:$A,0)) -> COLEGIO MINUTO DE DIOS CIUDAD VERDE | E9: =INDEX(Puestos!C:C,MATCH($L9,Puestos!$A:$A,0)) -> CALLE 38 No 31 141 CIUDAD VERDE | F9: 22 | G9: =INDEX(Puestos!F:F,MATCH($L9,Puestos!$A:$A,0)) -> 4.6061877 | H9: =INDEX(Puestos!G:G,MATCH($L9,Puestos!$A:$A,0)) -> -74.21306 | I9: =INDEX(Puestos!H:H,MATCH($L9,Puestos!$A:$A,0)) -> Exacta | J9: Ver en mapa | K9: Confirmado | L9: P01
A10: 52026319 | B10: =INDEX(Puestos!E:E,MATCH($L10,Puestos!$A:$A,0)) -> CUNDINAMARCA | C10: =INDEX(Puestos!D:D,MATCH($L10,Puestos!$A:$A,0)) -> MOSQUERA | D10: =INDEX(Puestos!B:B,MATCH($L10,Puestos!$A:$A,0)) -> NUEVO COLISEO MUNICIPAL | E10: =INDEX(Puestos!C:C,MATCH($L10,Puestos!$A:$A,0)) -> CLL 1 No 2-00 | F10: 1 | G10: =INDEX(Puestos!F:F,MATCH($L10,Puestos!$A:$A,0)) -> 4.7035501 | H10: =INDEX(Puestos!G:G,MATCH($L10,Puestos!$A:$A,0)) -> -74.231015 | I10: =INDEX(Puestos!H:H,MATCH($L10,Puestos!$A:$A,0)) -> Exacta | J10: Ver en mapa | K10: Confirmado | L10: P10
A11: 1007144082 | B11: =INDEX(Puestos!E:E,MATCH($L11,Puestos!$A:$A,0)) -> RISARALDA | C11: =INDEX(Puestos!D:D,MATCH($L11,Puestos!$A:$A,0)) -> PEREIRA | D11: =INDEX(Puestos!B:B,MATCH($L11,Puestos!$A:$A,0)) -> IE JESUS MARIA ORMAZA | E11: =INDEX(Puestos!C:C,MATCH($L11,Puestos!$A:$A,0)) -> CRA 22 BIS # 75 00 | F11: 5 | G11: =INDEX(Puestos!F:F,MATCH($L11,Puestos!$A:$A,0)) -> 4.8028213 | H11: =INDEX(Puestos!G:G,MATCH($L11,Puestos!$A:$A,0)) -> -75.744322 | I11: =INDEX(Puestos!H:H,MATCH($L11,Puestos!$A:$A,0)) -> Exacta | J11: Ver en mapa | K11: Confirmado | L11: P17
A12: 1016101357 | B12: =INDEX(Puestos!E:E,MATCH($L12,Puestos!$A:$A,0)) -> BOGOTA D.C. | C12: =INDEX(Puestos!D:D,MATCH($L12,Puestos!$A:$A,0)) -> BOGOTA D.C. | D12: =INDEX(Puestos!B:B,MATCH($L12,Puestos!$A:$A,0)) -> ZONA FRANCA | E12: =INDEX(Puestos!C:C,MATCH($L12,Puestos!$A:$A,0)) -> CLL 14 A # 108 - 78 | F12: 33 | G12: =INDEX(Puestos!F:F,MATCH($L12,Puestos!$A:$A,0)) -> 4.6714469 | H12: =INDEX(Puestos!G:G,MATCH($L12,Puestos!$A:$A,0)) -> -74.155916 | I12: =INDEX(Puestos!H:H,MATCH($L12,Puestos!$A:$A,0)) -> Aproximada | J12: Ver en mapa | K12: Confirmado | L12: P15
A13: 53134432 | B13: =INDEX(Puestos!E:E,MATCH($L13,Puestos!$A:$A,0)) -> CUNDINAMARCA | C13: =INDEX(Puestos!D:D,MATCH($L13,Puestos!$A:$A,0)) -> SOACHA | D13: =INDEX(Puestos!B:B,MATCH($L13,Puestos!$A:$A,0)) -> I.E. VIDA NUEVA | E13: =INDEX(Puestos!C:C,MATCH($L13,Puestos!$A:$A,0)) -> CRA 19 A No 4 - 90 SUR | F13: 9 | G13: =INDEX(Puestos!F:F,MATCH($L13,Puestos!$A:$A,0)) -> 4.5913261 | H13: =INDEX(Puestos!G:G,MATCH($L13,Puestos!$A:$A,0)) -> -74.228576 | I13: =INDEX(Puestos!H:H,MATCH($L13,Puestos!$A:$A,0)) -> Revisar | J13: Ver en mapa | K13: Confirmado | L13: P08
... A61: 86080270 | B61: =INDEX(Puestos!E:E,MATCH($L61,Puestos!$A:$A,0)) -> CUNDINAMARCA | C61: =INDEX(Puestos!D:D,MATCH($L61,Puestos!$A:$A,0)) -> SOACHA | D61: =INDEX(Puestos!B:B,MATCH($L61,Puestos!$A:$A,0)) -> COLEGIO MINUTO DE DIOS CIUDAD VERDE | E61: =INDEX(Puestos!C:C,MATCH($L61,Puestos!$A:$A,0)) -> CALLE 38 No 31 141 CIUDAD VERDE | F61: 15 | G61: =INDEX(Puestos!F:F,MATCH($L61,Puestos!$A:$A,0)) -> 4.6061877 | H61: =INDEX(Puestos!G:G,MATCH($L61,Puestos!$A:$A,0)) -> -74.21306 | I61: =INDEX(Puestos!H:H,MATCH($L61,Puestos!$A:$A,0)) -> Exacta | J61: Ver en mapa | K61: Confirmado | L61: P01
A62: 39679683 | B62: CUNDINAMARCA | C62: SOACHA | D62: I.E. JULIO CESAR TURBAY AYALA | E62: TV 9 ESTE No.45A- 80 | F62: 5 | G62: 4.59546 | H62: -74.19502 | I62: Exacta | J62: Ver en mapa | K62: Confirmado | L62: P56
A63: 52526840 | B63: CUNDINAMARCA | C63: SOACHA | D63: I.E. EL BOSQUE | E63: CLL. 32 CON CR 15 ESTE | F63: 11 | G63: 4.58543 | H63: -74.20145 | I63: Exacta | J63: Ver en mapa | K63: Confirmado | L63: P57
A64: 1014296488 | B64: BOGOTA D.C. | C64: BOGOTA D.C. | D64: BOLIVIA | E64: CRA 103 D No 85 A 72 | F64: 23 | G64: 4.71182 | H64: -74.12034 | I64: Exacta | J64: Ver en mapa | K64: Confirmado | L64: P58
A65: 52197931 | B65: CUNDINAMARCA | C65: SOACHA | D65: COLISEO GENERAL SANTANDER | E65: CLL. 15 NO. 8 - 53 | F65: 8 | G65: 4.5836645 | H65: -74.217831 | I65: Exacta | J65: Ver en mapa | K65: Confirmado | L65: P27
A66: 10740728 | B66: CUNDINAMARCA | C66: SIBATE | D66: IED GRAL SANTANDER SEDE BTO | E66: CARRERA 7 No. 11 -30 | F66: 6 | G66: 4.493369 | H66: -74.257975 | I66: Aproximada | J66: Ver en mapa | K66: Confirmado | L66: P30
A67: 52356333 | B67: CUNDINAMARCA | C67: SOACHA | D67: COLEGIO MILITAR LICEO SOCIAL COMPARTIR | E67: CLL 18 SUR NRO 9F 24 COMPARTIR | F67: 2 | G67: 4.5663852 | H67: -74.237103 | I67: Revisar | J67: Ver en mapa | K67: Confirmado | L67: P07
A68: 1024575963 | B68: BOGOTA D.C. | C68: BOGOTA D.C. | D68: GALICIA | E68: CLL 60 A SUR # 73-31 | F68: 34 | G68: 4.58712 | H68: -74.16235 | I68: Exacta | J68: Ver en mapa | K68: Confirmado | L68: P59
A69: 1073674702 | B69: BOGOTA D.C. | C69: BOGOTA D.C. | D69: ALCALA | E69: CRA 51 C # 33- 41 SUR | F69: 27 | G69: 4.59981 | H69: -74.12543 | I69: Exacta | J69: Ver en mapa | K69: Confirmado | L69: P60
A70: 52272820 | B70: BOGOTA D.C. | C70: BOGOTA D.C. | D70: CUNDINAMARCA | E70: CLL 19 C # 33-30 | F70: 3 | G70: 4.61984 | H70: -74.10123 | I70: Exacta | J70: Ver en mapa | K70: Confirmado | L70: P61
A71: 1031142237 | B71: BOGOTA D.C. | C71: BOGOTA D.C. | D71: LUCERO DEL SUR | E71: CRA 17 B BIS A # 67-30 SUR o 67-48 SUR | F71: 25 | G71: 4.55123 | H71: -74.14012 | I71: Exacta | J71: Ver en mapa | K71: Confirmado | L71: P62
A72: 1031640143 | B72: CUNDINAMARCA | C72: SOACHA | D72: I.E. VIDA NUEVA | E72: CRA 19 A No 4 - 90 SUR | F72: 21 | G72: 4.5913261 | H72: -74.228576 | I72: Revisar | J72: Ver en mapa | K72: Confirmado | L72: P08
A73: 72289576 | B73: BOYACA | C73: TUNJA | D73: UNIVERSIDAD JUAN DE CASTELLANOS | E73: CRA 11 # 11 - 44 | F73: 12 | G73: 5.531776 | H73: -73.363155 | I73: Exacta | J73: Ver en mapa | K73: Confirmado | L73: P51
... A81: 1030673385 | B81: BOGOTA D.C. | C81: BOGOTA D.C. | D81: COLEGIO ALQUERIA | E81: CLL 37 B SUR # 68 D - 93 | F81: 20 | G81: 4.599573 | H81: -74.133281 | I81: Exacta | J81: Ver en mapa | K81: Confirmado | L81: P50

Sheet Puestos
A1: ID puesto | B1: Puesto | C1: Dirección | D1: Municipio | E1: Departamento | F1: Latitud | G1: Longitud | H1: Precisión | I1: Nota de georreferenciación | J1: Personas | K1: Mesas distintas | L1: Google Maps
A2: P01 | B2: COLEGIO MINUTO DE DIOS CIUDAD VERDE | C2: CALLE 38 No 31 141 CIUDAD VERDE | D2: SOACHA | E2: CUNDINAMARCA | F2: 4.6061877 | G2: -74.21306 | H2: Exacta | I2: Coincide nombre del puesto | J2: =COUNTIF(Votantes!$L$2:$L$61,A2) -> 4 | K2: 4 | L2: Ver en mapa
A3: P02 | B3: I.E. LICEO MAYOR DE SOACHA | C3: CLL. 38 No. 6 A - 55 ESTE | D3: SOACHA | E3: CUNDINAMARCA | F3: 4.58256 | G3: -74.194387 | H3: Exacta | I3: Coincide nombre del puesto | J3: =COUNTIF(Votantes!$L$2:$L$61,A3) -> 2 | K3: 2 | L3: Ver en mapa
A4: P03 | B4: I.E. LEON XIII - CHILOE | C4: DIAG. 28 No. 28 - 99 CIUDAD VERDE | D4: SOACHA | E4: CUNDINAMARCA | F4: 4.6049633 | G4: -74.21416 | H4: Exacta | I4: Ubicado como I.E. Chiloé, Ciudad Verde | J4: =COUNTIF(Votantes!$L$2:$L$61,A4) -> 2 | K4: 2 | L4: Ver en mapa
A5: P04 | B5: I.E. SOACHA AVANZA LA UNIDAD | C5: CRA 38 No 14 - 72 | D5: SOACHA | E5: CUNDINAMARCA | F5: 4.6099953 | G5: -74.223867 | H5: Exacta | I5: Coincide dirección | J5: =COUNTIF(Votantes!$L$2:$L$61,A5) -> 2 | K5: 2 | L5: Ver en mapa
A6: P05 | B6: CENTRO COMERCIAL MERCURIO | C6: CRA 7 NRO 32 35 | D6: SOACHA | E6: CUNDINAMARCA | F6: 4.5881616 | G6: -74.203519 | H6: Exacta | I6: Coincide dirección | J6: =COUNTIF(Votantes!$L$2:$L$61,A6) -> 2 | K6: 2 | L6: Ver en mapa
A7: P06 | B7: CENTRO COMERCIAL VENTURA TERREROS | C7: CRA 1 NRO 38 89 SOACHA | D7: SOACHA | E7: CUNDINAMARCA | F7: 4.58846 | G7: -74.195041 | H7: Exacta | I7: Coincide dirección | J7: =COUNTIF(Votantes!$L$2:$L$61,A7) -> 2 | K7: 2 | L7: Ver en mapa
A8: P07 | B8: COLEGIO MILITAR LICEO SOCIAL COMPARTIR | C8: CLL 18 SUR NRO 9F 24 COMPARTIR | D8: SOACHA | E8: CUNDINAMARCA | F8: 4.5663852 | G8: -74.237103 | H8: Revisar | I8: Coincide nombre, pero la dirección en Maps difiere | J8: =COUNTIF(Votantes!$L$2:$L$61,A8) -> 1 | K8: 1 | L8: Ver en mapa
A9: P08 | B9: I.E. VIDA NUEVA | C9: CRA 19 A No 4 - 90 SUR | D9: SOACHA | E9: CUNDINAMARCA | F9: 4.5913261 | G9: -74.228576 | H9: Revisar | I9: Encontrado 'Colegio Vida Nueva' con otra dirección; confirmar | J9: =COUNTIF(Votantes!$L$2:$L$61,A9) -> 1 | K9: 1 | L9: Ver en mapa
A10: P09 | B10: COLEGIO AMERICANO | C10: CALLE 21 No. 10-40 | D10: GIRARDOT | E10: CUNDINAMARCA | F10: 4.2988522 | G10: -74.804454 | H10: Exacta | I10: Coincide dirección | J10: =COUNTIF(Votantes!$L$2:$L$61,A10) -> 1 | K10: 1 | L10: Ver en mapa
A11: P10 | B11: NUEVO COLISEO MUNICIPAL | C11: CLL 1 No 2-00 | D11: MOSQUERA | E11: CUNDINAMARCA | F11: 4.7035501 | G11: -74.231015 | H11: Exacta | I11: Coincide nombre del puesto | J11: =COUNTIF(Votantes!$L$2:$L$61,A11) -> 1 | K11: 1 | L11: Ver en mapa
A12: P11 | B12: GRAN PLAZA EL ENSUEÑO | C12: CRA 51 #59 C-93 SUR /CLL 59 SUR #51-21 | D12: BOGOTA D.C. | E12: BOGOTA D.C. | F12: 4.5822363 | G12: -74.156755 | H12: Exacta | I12: Coincide nombre del puesto | J12: =COUNTIF(Votantes!$L$2:$L$61,A12) -> 1 | K12: 1 | L12: Ver en mapa
A13: P12 | B13: LA FLORIDA | C13: CRA 89 # 68A-36 CRA 89 # 68A-32 | D13: BOGOTA D.C. | E13: BOGOTA D.C. | F13: 4.6928276 | G13: -74.110623 | H13: Exacta | I13: Coincide dirección | J13: =COUNTIF(Votantes!$L$2:$L$61,A13) -> 1 | K13: 1 | L13: Ver en mapa
... A50: P49 | B50: BENJAMIN HERRERA | C50: CRA 28 # 63 - 64 | D50: BOGOTA D.C. | E50: BOGOTA D.C. | F50: 4.6550314 | G50: -74.076467 | H50: Aproximada | I50: Referencia: SENA 7 de Agosto (Cra 28A #63C), a una cuadra | J50: =COUNTIF(Votantes!$L$2:$L$61,A50) -> 1 | K50: 1 | L50: Ver en mapa
I51: Total | J51: =SUM(J2:J50) -> 60
A53: Mesas distintas: conteo calculado a partir de las mesas leídas de los pantallazos.

Sheet Resumen municipio
A1: Municipio | B1: Personas | C1: % del total | D1: Puestos
A2: SOACHA | B2: =COUNTIF(Votantes!$C$2:$C$61,A2) -> 29 | C2: =B2/$B$17 -> 0.48333333 | D2: =COUNTIF(Puestos!$D$2:$D$50,A2) -> 20
A3: GIRARDOT | B3: =COUNTIF(Votantes!$C$2:$C$61,A3) -> 1 | C3: =B3/$B$17 -> 0.016666667 | D3: =COUNTIF(Puestos!$D$2:$D$50,A3) -> 1
A4: MOSQUERA | B4: =COUNTIF(Votantes!$C$2:$C$61,A4) -> 1 | C4: =B4/$B$17 -> 0.016666667 | D4: =COUNTIF(Puestos!$D$2:$D$50,A4) -> 1
A5: BOGOTA D.C. | B5: =COUNTIF(Votantes!$C$2:$C$61,A5) -> 16 | C5: =B5/$B$17 -> 0.26666667 | D5: =COUNTIF(Puestos!$D$2:$D$50,A5) -> 14
A6: SINCELEJO | B6: =COUNTIF(Votantes!$C$2:$C$61,A6) -> 1 | C6: =B6/$B$17 -> 0.016666667 | D6: =COUNTIF(Puestos!$D$2:$D$50,A6) -> 1
A7: PEREIRA | B7: =COUNTIF(Votantes!$C$2:$C$61,A7) -> 1 | C7: =B7/$B$17 -> 0.016666667 | D7: =COUNTIF(Puestos!$D$2:$D$50,A7) -> 1
A8: LA SALINA | B8: =COUNTIF(Votantes!$C$2:$C$61,A8) -> 1 | C8: =B8/$B$17 -> 0.016666667 | D8: =COUNTIF(Puestos!$D$2:$D$50,A8) -> 1
A9: ESPAÑA | B9: =COUNTIF(Votantes!$C$2:$C$61,A9) -> 2 | C9: =B9/$B$17 -> 0.033333333 | D9: =COUNTIF(Puestos!$D$2:$D$50,A9) -> 2
A10: CALI | B10: =COUNTIF(Votantes!$C$2:$C$61,A10) -> 1 | C10: =B10/$B$17 -> 0.016666667 | D10: =COUNTIF(Puestos!$D$2:$D$50,A10) -> 1
A11: SIBATE | B11: =COUNTIF(Votantes!$C$2:$C$61,A11) -> 1 | C11: =B11/$B$17 -> 0.016666667 | D11: =COUNTIF(Puestos!$D$2:$D$50,A11) -> 1
A12: MEDELLIN | B12: =COUNTIF(Votantes!$C$2:$C$61,A12) -> 1 | C12: =B12/$B$17 -> 0.016666667 | D12: =COUNTIF(Puestos!$D$2:$D$50,A12) -> 1
A13: YUMBO | B13: =COUNTIF(Votantes!$C$2:$C$61,A13) -> 1 | C13: =B13/$B$17 -> 0.016666667 | D13: =COUNTIF(Puestos!$D$2:$D$50,A13) -> 1
... A16: SOPO | B16: =COUNTIF(Votantes!$C$2:$C$61,A16) -> 1 | C16: =B16/$B$17 -> 0.016666667 | D16: =COUNTIF(Puestos!$D$2:$D$50,A16) -> 1
A17: Total | B17: =SUM(B2:B16) -> 60 | D17: =SUM(D2:D16) -> 49
